path,bytes,sha256
README.md,3480,f737fbe2005a13635f9be7be0db0ce542d281b6c4e98ef2bf7dd5892e83b25bf
app-icons/app-icon-dark-1024.png,60117,ba60cd26d6c935a340bec4afb94d5543e2c3dacdf5faa3a763dab5eba8853a59
app-icons/app-icon-dark.svg,1800,cf97fd1639ecb696963ac2bfdbb0e9460d87187cee0ca98b3a58e10081331cd6
app-icons/app-icon-default-1024.png,60687,cb5bd1b8c1627e9e8b0c792acc7eabeec15688a740829417f7185bb11433add8
app-icons/app-icon-default.svg,1800,b9a3342038ad346a9871630035a4d0c270739adca02fcf82fee03fae3c9f50dc
app-icons/app-icon-tinted-1024.png,20341,9cbbf295ee0428034f58cef53e62ac2493b7961a7db54dba2d19ff4b7600694e
app-icons/app-icon-tinted.svg,627,fff4b5cb7372ad76af5224496914e6057487b456fb7f33f78f321844e9725516
app-icons/apple-touch-icon-180.png,6990,31a7354dfd09916a31d2bcc6afc74d3dd4efeabf58e3589553caecbb987f43ac
app-icons/pwa-192.png,9172,e11916854b6c6efbda2ff3e8c0b676781a80515f7276d7af3306b6f0a0a788dc
app-icons/pwa-512.png,31109,d2f8bd292e3a94ff0157033a42c6c57b1f584d3f921b689e70cc5942389b90f8
app-icons/pwa-any.svg,1747,b81f28509bdecaf971db2048efa00b5d3daa2c0efd91a6efa7cc12a2ab72a657
app-icons/pwa-maskable-192.png,6377,cab96ca7d66d9475045c520ccd7a5a5a42f82c944938b385684c593b00f485f7
app-icons/pwa-maskable-512.png,20525,f673592ee603ebf7346aae698f5d5ad896334c029090dd54f4bf6c25b74d42c1
app-icons/pwa-maskable.svg,1802,a3556a02d7a5434079126fcdf674baf7ded41d70e6afea004b1efe2dce08ec87
favicon/favicon-128x128.png,5744,524e091af0f9ab41ffb06eb1e9825581f1fb49e6e1afd4b78da919e2605d5f05
favicon/favicon-16x16.png,446,6291f0e1ced5206907f711a02afc094dd200a7172e6951a15a723a6bad9955b1
favicon/favicon-256x256.png,13191,e6115e5ae693c13a3a934afd3ce598e28d51a50a728e2c93f7985643f82b683d
favicon/favicon-32x32.png,677,b8fc825629aee43b96d503e92e058db090cfa261ba1ace520e79b4ecf49ddcd8
favicon/favicon-48x48.png,1962,83cfcb2b27f1dd87478297974e369a90a1ffd618dd3dea8d5592572e6c51d688
favicon/favicon-512x512.png,31109,d2f8bd292e3a94ff0157033a42c6c57b1f584d3f921b689e70cc5942389b90f8
favicon/favicon-64x64.png,2644,7f3ca9ca9e59fdb7f844db6a4ebea47dcb0fedb2b5b4413bb2570670674e9858
favicon/favicon-micro.svg,586,da53e7b87f539eae0cfe98665724b1049f103c25d3097923f452dd48f5388197
favicon/favicon.ico,112088,6520e45f55d74a2a53205facfcec214972ec2936c94ab7af442dfbb429ab9534
favicon/favicon.svg,1747,b81f28509bdecaf971db2048efa00b5d3daa2c0efd91a6efa7cc12a2ab72a657
favicon/site.webmanifest,617,0e491462db8cf8fe824f667be3f3b747142f7bae85d9803125543d6845a5624d
guidelines/USAGE.md,3480,f737fbe2005a13635f9be7be0db0ce542d281b6c4e98ef2bf7dd5892e83b25bf
png/horizontal/blentera-horizontal-black-1024px.png,15185,9813fd1e95e4afb72ac7935cbeff679a78319d515c522c3da3a748e794325eef
png/horizontal/blentera-horizontal-black-2048px.png,32739,c9f4630a94b91c38577d79e2c9497dcbec526d2c5d933e2eb1ca2b9a2cbe2558
png/horizontal/blentera-horizontal-black-240px.png,3232,aeff90b6c69ed7168b48110916d458f1ace73197ccdfed07615f7e627b927626
png/horizontal/blentera-horizontal-black-320px.png,4370,229cbf4a6c7cfdd0ed725aa2a6b6d8d6a181eabc8767d7d9308a393eae524a27
png/horizontal/blentera-horizontal-black-4096px.png,72952,007d65a96aa5a5a70e83bb66be248af0df0f433c774f6f355e4dd97de4fb9e96
png/horizontal/blentera-horizontal-black-480px.png,6568,22fe6c780adb8487a43cc298c8f03007af2cdd98d61a6cea59e77d9560b534b2
png/horizontal/blentera-horizontal-black-640px.png,9060,076202e94d21323bd42266522ef879e5e74a7d65e9dda693200299f7b0078d74
png/horizontal/blentera-horizontal-color-1024px.png,29603,df1df150257062ffcb519780b42cff289a88f09812d375c53ee0bd771bafbe5e
png/horizontal/blentera-horizontal-color-2048px.png,65344,dde6f06ab01936b2087e25bf27adc52b5b8c176805c3243e4af4718714b8c4af
png/horizontal/blentera-horizontal-color-240px.png,6115,4bc347a732a64bd7f341fc87ed88957418e585b1caa78d37dc6381628ff1ebf6
png/horizontal/blentera-horizontal-color-320px.png,8490,9bca97fb64224d98d67484d58d93ea161a1b999abf3c573b54613e2993d6a951
png/horizontal/blentera-horizontal-color-4096px.png,153052,5af94343e1da62a2e8bbc3385bac063819a66a14b5e347b1049c03d8b4bb7c84
png/horizontal/blentera-horizontal-color-480px.png,12968,f6425a2ac2d0ae892a22c7ef9fcf985d6fdda5e0f091e09465ea70c4a599a6b1
png/horizontal/blentera-horizontal-color-640px.png,17836,c51d429c15f0d3f9b92a88eaa2065e9eb3e12f91d56e38354ec1c418a01cf93c
png/horizontal/blentera-horizontal-ink-1024px.png,20169,f600adbb7ed27a6bf11e707fe0e0362a0e8417a30ea1e5fc27d9734fc6acd6b8
png/horizontal/blentera-horizontal-ink-2048px.png,42801,263da288c43f3dd32f636f45a1ffffbc03b650e596107dc53b5c2eede25cacb2
png/horizontal/blentera-horizontal-ink-240px.png,4667,21f0989bc911b04d35cdbf45ab9bf6cc2a6175810527c9ebe95be264adfc78b5
png/horizontal/blentera-horizontal-ink-320px.png,6195,a2bdcc0ef737f7f263bee169ab6fcfdc59b6c0f2aa2d4791206e95a10a62d4e6
png/horizontal/blentera-horizontal-ink-4096px.png,93398,204129ad7620cb9e00f3ffc7d750a16011c0322b33d5d5caaa9a74bcb6e140e5
png/horizontal/blentera-horizontal-ink-480px.png,9159,a505b3633c4768f58d891cd8b78059b6821163279cb728a1dd30319d7d8f93ca
png/horizontal/blentera-horizontal-ink-640px.png,12231,b499917e434d6e9a89a147f4cd4b91597328a1e6a27f5176d839fac193cda3f0
png/horizontal/blentera-horizontal-white-1024px.png,13866,b9c271ff303a8f65927ccb915c62ea72f782c1cef10803ec68339de2897f2849
png/horizontal/blentera-horizontal-white-2048px.png,29982,51e2a4353fbd790db10cb54d5a25f6490ac8a2a8b2acc33e0fbb528e8f5701ad
png/horizontal/blentera-horizontal-white-240px.png,3142,f754a8e20bdc4c23fd6a7922272919806cf6a7f0d47417d63a09afb4f4f06e9d
png/horizontal/blentera-horizontal-white-320px.png,4150,ca74b38cd618274394de061302f921bf2126c717f01590ed1c325df239019ee8
png/horizontal/blentera-horizontal-white-4096px.png,66971,022c10efe671544c8f39b9a5b1e30aa5b5152f486de0dd62ddb5593a58e2c1f2
png/horizontal/blentera-horizontal-white-480px.png,6285,b1bc3e894a34f92d1e79fff8f800ac41a63823d70756417c2dde3d327fa8e023
png/horizontal/blentera-horizontal-white-640px.png,8388,2666db30fc257b0db09cf29b25fdcdb9944086f04fc3a92f0d09e2f0eabf33bf
png/symbol/blentera-symbol-black-1024px.png,24764,8f0aabc52992edb65eccc4f0d34c2e93d15fca1dc1bfb8397b079cf41b337f85
png/symbol/blentera-symbol-black-128px.png,2379,4c890b625a9dfca5be095c835083b88672fa8eb36c8e485bf806a8bf9ec0e515
png/symbol/blentera-symbol-black-16px.png,319,c8c40c57ce42d2d3c041147b84c70d5a05a7d9bbb8f471619ed2c36259760319
png/symbol/blentera-symbol-black-2048px.png,60012,04c739eda83045b9e461c901458acdc9d0ae29cb505775965de87836cd19138d
png/symbol/blentera-symbol-black-24px.png,436,81dec5e5c3ec82794d5155082f122bb026835f5b9f057effe3b868bda872fc88
png/symbol/blentera-symbol-black-256px.png,5081,226f5c875b3ccfe02c66f8c95d1f055bed30b03188d47ca243f7bd8416f168d6
png/symbol/blentera-symbol-black-32px.png,530,d2ea6dabfe462550008088f46090ccc81f72ceb037de02b355af28ea154a7ec9
png/symbol/blentera-symbol-black-4096px.png,164334,2230a5792ef963477cc5787fbdc477a648f93a8199355d9da03c3dc1a37dd879
png/symbol/blentera-symbol-black-48px.png,808,b021002986658d2a61c8d9be290439a6d6589a35dbc70f3c32e331eacf8eee23
png/symbol/blentera-symbol-black-512px.png,11025,fc4d4e4cfb3a26c6d606e6f416d112a98aaa5e4c97d4ed02965a0c073de4ffb0
png/symbol/blentera-symbol-black-64px.png,1076,9e44805acdb06dc7f987fe4fd4b46e77ff540751ece8775a40293ad9d77f9849
png/symbol/blentera-symbol-color-1024px.png,123163,1296793cb87b396f612c493d759f4135dd25abdf7d2515917d4e7846dbc299cc
png/symbol/blentera-symbol-color-128px.png,8556,662d9b90cbfe7ae2f6eb3de00889deddff5e6b5c887fdf76ca12b50163b0ad21
png/symbol/blentera-symbol-color-16px.png,849,47f111ef44cb4c155d4207be2ee6b418aae0fec33f22dc5a6565bdbdcf16165c
png/symbol/blentera-symbol-color-2048px.png,327587,8523462e66efb6507a0ccea2efd2cdc78c9a5f2cfd70f7ad7deb9d3355e7f16e
png/symbol/blentera-symbol-color-24px.png,1262,97337c678bf989b0e1a8502aa1a604d776b7803f58ad351adabe2b01756f4615
png/symbol/blentera-symbol-color-256px.png,20119,9a532dc5fb58b0069be3d69e5338ae343aa84f6d0041de098165908bf6f9a2b3
png/symbol/blentera-symbol-color-32px.png,1740,c1133d9701951da2eb821cdcab33b1709288601e2adaae38c7d9ba50677497a5
png/symbol/blentera-symbol-color-4096px.png,792158,8ed59b109c5bd820653263acbcbc7db53d4a59e6edbea767a6c82b7409a9eaaf
png/symbol/blentera-symbol-color-48px.png,2695,0a0a5b26152043e82e0ad83a2c2e188b3d84430d0a5d7f5110796a3b0213d8ec
png/symbol/blentera-symbol-color-512px.png,50077,9623bd7829899193886d669c692255dcb9d6eafbe20c8dc0e47a3a57c0b18130
png/symbol/blentera-symbol-color-64px.png,3769,6620850590f43e92ada724dc301cc0549dec0944d61ddd73a463093208866aab
png/symbol/blentera-symbol-ink-1024px.png,29405,5206964eba165868eb99fb73f5b15474fd85fde4783aa97f66996fd06b5d45ed
png/symbol/blentera-symbol-ink-128px.png,2888,5859ac6b207524efa71c8e1e00d1f189483d8314785adc7d55fa6bf6e94f1783
png/symbol/blentera-symbol-ink-16px.png,398,4a68ba9754e5aca52f31fdb3767461a86df77322d644e126301fac0393203697
png/symbol/blentera-symbol-ink-2048px.png,69119,011fc3ea50dc577155ea7cd8bc7a18a4c9aec9b6984fc9d1b3eb3d297f67c32e
png/symbol/blentera-symbol-ink-24px.png,564,0375cdee0ba3c56ee33aab382a8bbe0185f424a8c0054ea181b8c292c4c899ea
png/symbol/blentera-symbol-ink-256px.png,6119,7d7d3131b85a3a769da85970d34fb046c4490dab04a5828ef86551e51bfd925f
png/symbol/blentera-symbol-ink-32px.png,725,da025228e395489f423ddce5ee843d688c73601bea3ad581297985b94273ad18
png/symbol/blentera-symbol-ink-4096px.png,181150,893388f817c34b3411a5f29bd406c7ab1164be32bf724d07de654776d609eea8
png/symbol/blentera-symbol-ink-48px.png,1090,f0225d8d7ed1a8d51f41b1d5b672b7aa775dddc708f7f06aafc9e44f9553fdc1
png/symbol/blentera-symbol-ink-512px.png,13123,21abe2cd6b57a5f5be018b50c6e0de7bf9d35777eb8c75b8d5f54e14f65137d8
png/symbol/blentera-symbol-ink-64px.png,1460,17552cbdc1b95c2831bd5004caea0ce599ebfd235ab6cb57d39a371c592e8115
png/symbol/blentera-symbol-white-1024px.png,23160,0eae36801992982da4b3d493e107529fe80e4d16dd762cf5658459399f425a6f
png/symbol/blentera-symbol-white-128px.png,2267,11e72d261c660a28b9743c49c918b548ef7e41d56404699ef5adfd01e5f77b81
png/symbol/blentera-symbol-white-16px.png,317,1f361b1503f4ef0359eff0476e8d517518ba0ab2b3a1b4bb470cd4d8ed7a2434
png/symbol/blentera-symbol-white-2048px.png,57120,d50c9aeda5c0c5bca3110e26ed95f001bfb35b846dcdc19c4f126ca4efe0c080
png/symbol/blentera-symbol-white-24px.png,461,67010796a5b24e2b1df43efe068de640166fb8204037833a66050292c3202766
png/symbol/blentera-symbol-white-256px.png,4782,2dbc3d073b140c789c88f2ab4814d8bd52433d3f764898870a56c81a999bfdf7
png/symbol/blentera-symbol-white-32px.png,573,43a8071bf3023936ac1d05b013b31109b9bff87d2cd533ce98e51b849e249a8f
png/symbol/blentera-symbol-white-4096px.png,159227,215c2899c56b7b6f31d191c3c1955f8f52949b54e147e813e6f15389baf4748b
png/symbol/blentera-symbol-white-48px.png,862,c6b5d41f2c7d37f348396b6123b1c91fe5dbafd31b40870e89c06247240737a2
png/symbol/blentera-symbol-white-512px.png,10344,03c972a5ad64dab9954aca385f19e6c78991873b19e7480fefc39296da016402
png/symbol/blentera-symbol-white-64px.png,1120,209ee17dbdcbd6fee09d42ac083a8f683397346dc890cf4200af1247356a7cad
png/vertical/blentera-vertical-black-1200px.png,29546,bbf05f7c4c67a831ff050a500eed2a31bbede1deb003624c2f06500f4c13fd2f
png/vertical/blentera-vertical-black-180px.png,3626,5efdf7e36e9de52f2e85f8d132c46fea5370f26646ebd66448f20f376dfa2446
png/vertical/blentera-vertical-black-2400px.png,67304,8ad358d2a83f20d6b36e45580ae13d003caeed26d72498b37a919db30e39bce0
png/vertical/blentera-vertical-black-300px.png,6407,e49cdb7f1b782f0d4ba7fb948ed940501ba4aea4d9d4b8c5e09486d0c744d73e
png/vertical/blentera-vertical-black-600px.png,13929,54b6facfc423098e513d56b0ac58a503b703e278ee96289cd27faf9dea121b7a
png/vertical/blentera-vertical-color-1200px.png,64841,ab2ecc9296fbdab6ca51f00a40046321e1e206b59e1981c119a5245351efb52e
png/vertical/blentera-vertical-color-180px.png,7527,28a050c940f22efeaa957564551cc2ca440995c938424dc2af6e9bc10060471f
png/vertical/blentera-vertical-color-2400px.png,155236,32ce27a4d30490bc547642b0108cf11f276b121b166a6b86dfb5fd080df7ce4e
png/vertical/blentera-vertical-color-300px.png,12952,94de094f0670b4b5c6849502446d6453b2065b6c8f850726f142a28d936cae55
png/vertical/blentera-vertical-color-600px.png,28159,67ea1767788370ce53f66f3f5940c0244b94a213a01835b58280c55c23abbea3
png/vertical/blentera-vertical-ink-1200px.png,37814,f40d724bd41477b17af1cca7730c822aebc2bfcf8003d39b119aab4be7770022
png/vertical/blentera-vertical-ink-180px.png,5152,97282206335c5e0b74d7c407585db7c07c02319128652e99abefe1189e26ff36
png/vertical/blentera-vertical-ink-2400px.png,83134,fd9c28c7df08af8428dce2b1e1b4b0e2dcd3273c0eecf2508b96463adf1d5e12
png/vertical/blentera-vertical-ink-300px.png,8673,e1fa36dde2ca7efc7ca7d47307d84f20361491fb054ade1d53fe78e7ac6e0026
png/vertical/blentera-vertical-ink-600px.png,17927,5d7e8dc4935b963e7a8a8afb2e76f9d570576287cf6136c12bb81aed1e2ae9a2
png/vertical/blentera-vertical-white-1200px.png,27226,14410673b4c2f4698f5595f85f4b87da551301aed480368d6fc5f4161707b51b
png/vertical/blentera-vertical-white-180px.png,3554,a9936e80b545a4d6b1b7d8c36ff177b22e21f7417056a4448379fb1bf9e95fe8
png/vertical/blentera-vertical-white-2400px.png,62422,679aae28d3dab2a1ab6d8763b3b840cfda94a15ac1d91130b16ebff0ca9d7440
png/vertical/blentera-vertical-white-300px.png,6154,bbf50496cecdf8bdf4ef378cced7feeb453b5e0982d65fccc05dde239044bad0
png/vertical/blentera-vertical-white-600px.png,12901,3f3b7181272a846baf20d93a0788978255b144dfeaa4bf7cb3f437c7f8d183b4
png/wordmark/blentera-wordmark-black-1024px.png,15698,383ab089da17f5a389395bef24b2cbce3df9ee495305a1548ecd0d6ba7ea7469
png/wordmark/blentera-wordmark-black-2048px.png,33525,5adec55b85d269889ae8d78baca7bebc44f62795d6a5f486696b75516fc0951e
png/wordmark/blentera-wordmark-black-240px.png,3348,2c431377234736272a02a3adf1b89ded21ed5569fcc4971f0f1e95f68761e057
png/wordmark/blentera-wordmark-black-320px.png,4396,e45d177bd2d6af973995a2be02ae3897fd7df3d356715d078527e1d1bd9795e8
png/wordmark/blentera-wordmark-black-4096px.png,73818,55bc8ad6d7c14eab9a4838d168bd77d3cd2105349c97275af1b87806ff8b4b9b
png/wordmark/blentera-wordmark-black-480px.png,6980,f53dbef32d957108979905c304afe96bc9d2c5b1341fcbab7cb260dd92caae71
png/wordmark/blentera-wordmark-black-640px.png,9375,db9564bd18e5a775de3a76382b25b436be98d369dfb7046abdf6701d2fe5e6b0
png/wordmark/blentera-wordmark-ink-1024px.png,21063,00f09b555b8668c9dcb68e1d2e01d338a6fcdda07ecf4d1dbf2272a1b79f061a
png/wordmark/blentera-wordmark-ink-2048px.png,44183,7af2fd546fb9c3fa18a99829bd5fdddf38bceabc432127e2f0e20c363fd1dd02
png/wordmark/blentera-wordmark-ink-240px.png,4964,1e534eaa1b5daf53d90abc42c500e1c65d10540c2481c8579e1c39c83148df0c
png/wordmark/blentera-wordmark-ink-320px.png,6449,ddc46114620f7df7ba07df1820f29ced3611f9fa41e5525538e1d8efd1efc361
png/wordmark/blentera-wordmark-ink-4096px.png,95667,3a4adc98803ae2755019fbe6738ec2c1aa2f455d685ccaa86c248c1c9f4cd685
png/wordmark/blentera-wordmark-ink-480px.png,9736,b7605e2e38bde5ed7017c2067d135139d595a869e420a00164cb8635c0014c6d
png/wordmark/blentera-wordmark-ink-640px.png,12841,80666c622463b12a2efb06c93942ff5c654d7b38c18e2e8a265c452d30507af0
png/wordmark/blentera-wordmark-white-1024px.png,14317,148000645b6fbc521df73b592a010e95e782fd3d83901ac852dcd52f09f72038
png/wordmark/blentera-wordmark-white-2048px.png,30422,628f01444d896e9e3bc150280a79f6ca18cbbb37bc8a30931a35702468e66fbf
png/wordmark/blentera-wordmark-white-240px.png,3306,042e5b2e65801614632b7879c07db5035611face9f1148cac4730d207033c333
png/wordmark/blentera-wordmark-white-320px.png,4292,2fd64d2a66501cc089324096501ca5c6c620e99bbf27713418a40edf65efc1f5
png/wordmark/blentera-wordmark-white-4096px.png,67741,380da7c118a2072af523c81a9ae80ed5f2575d30371f76ba731fc9659d85bd6e
png/wordmark/blentera-wordmark-white-480px.png,6486,698e49b09f185f18d06f0130055c058ad95f5b4276680168da40e9a4ed28caf3
png/wordmark/blentera-wordmark-white-640px.png,8710,1af4cfc8a60afb77d2cdf1e11ea39368c7e81569ca9c42cb9ae24142433bc3cd
qa/approved-reference-vs-production-master.png,216892,b3d79657b893fe25901fec5d9b55cc22debfc175d99fb33c153558f519cb9d04
qa/cairo-horizontal-2048.png,65052,dadb8cd4a52264b9d587be363ec76bd4ae479946633b149b12e49d7ea49831a0
qa/edge-inspection-4096.png,83383,c02f2e89f61b66349ee2cc00fc5949417e0b4cbb47b42c35830bd8c5f697196e
qa/favicon-size-review.png,37695,6e487a3bd6526ecc8ac517603aa09668a6bbe0a6114f83d97ec824fd79af44e1
qa/final-horizontal-2252.png,73936,141f7eef1e9d4e1821d3f3fb6194811a01eb8c8429671b5cf460376dd196b462
qa/qa-report.json,1924,eebee0bb58c2177e96874d9e93d307fdddd1a9158e89004de6534c5f1b79f2ce
qa/visual-review-board.png,170786,c778162bab4a70ccf8911a48d187120dbdf2a64b4b6d95f7be83b36947eee358
social/avatar-dark-1024.png,54613,670acccb106672ac26cbf8f72c056b369faa6c45669fda09e77e9992360a0c79
social/avatar-dark-512.png,22247,0b33e92a3e929d9bf6008586cd81522e818b1894a99c71c9460a8c513d355c22
social/avatar-dark.svg,1802,61524fe22571bdaee81793e5cd416d400c08c27457a74eceb4861452d72d923b
social/avatar-gradient-1024.png,740658,060cf40f21f1e0408693e16dd5911102ef73d1aa2f6334d83e7b662d21f70dc8
social/avatar-gradient-512.png,196451,962f80c0c985e57fe3bff0d5997ce5d63b12d89032ade164baf301edb8f85cb2
social/avatar-gradient.svg,1950,e7d557435b9805550c8b621f0e7a7c3a13c8eace06dd99ee9a7a2c82c7f33200
social/avatar-light-1024.png,55039,37f120b4078f20930e7bea2260fea09e6374f54e1ace25c1109fff63c098193e
social/avatar-light-512.png,22482,5b1054d2fe465c9bec9578bd2a6fd810aa763c7329f5450c19e0d57ea14858cc
social/avatar-light.svg,1802,1d9d18cf11639b11682c4a98d3ff751f9f17714c82c16287814f9297f16f35a5
svg/blentera-horizontal-black.svg,2818,3b9617b2f498c62361a56765348fb9a96205b3246210017effb4cba804e048a8
svg/blentera-horizontal-color.svg,3991,126d618bca705fc53bd24ae9443e8c327e54162deeadcc4240ae270b8dc4107a
svg/blentera-horizontal-ink.svg,2818,fc8f305ecec015896df1c6c2324d963b22d41ac2a86814fb71e6017eb0ea76a0
svg/blentera-horizontal-white.svg,2818,e91de0ec2b1adc19687e7a010e8719b7e19ee5ab8282b3d5efe804870be2de77
svg/blentera-square-symbol-black.svg,571,b07951097cc3daa55358bcd256c6a046333a1ffa16cd3648ad5d0b6dd47e8fa9
svg/blentera-square-symbol-color.svg,1747,b81f28509bdecaf971db2048efa00b5d3daa2c0efd91a6efa7cc12a2ab72a657
svg/blentera-square-symbol-ink.svg,574,20d0c6ae40d5c1a64052a8e83b635d7aaa3536a4f74c035da15fc149ac28932f
svg/blentera-square-symbol-white.svg,571,5149dbfd83137bcd9d0530c78a7a275d311bc6c8df7a094cb9511140e885f39a
svg/blentera-symbol-black.svg,500,cda1a1e1c8a8777fdb90c73c059d578cc957073e093fa18e77631e3e1036a5c0
svg/blentera-symbol-color.svg,1666,db98b01d1b9fc66982353584f9d2135a754c6163dc916cb17607b980b50de3a7
svg/blentera-symbol-ink.svg,500,2948db85fe23805c9a9b29c6f4c5532125583f6fbca984a47b87862055d729ad
svg/blentera-symbol-white.svg,500,ec0bfaed40d7e3aa45fbaced8dc245bde679a14fc8601186c3f5fd82295a6f21
svg/blentera-vertical-black.svg,2878,fd76ad242e263f452e1935063f001fb80dee116c950a397350225ef01a0220b4
svg/blentera-vertical-color.svg,4051,28ae81387589e55d7a4798da4df4a02eadfad3597983d5f604b0a32302988d49
svg/blentera-vertical-ink.svg,2878,e59a34ea6e4b59b4c1b39a12316c063f63ec1957f8232ec62afbb406a8e2a978
svg/blentera-vertical-white.svg,2878,ade0bff5f72931f3814929cc13f0fdbccda9fc7beb3aef3450d0128de752309e
svg/blentera-wordmark-black.svg,2408,f70da00818d03a27775210212c6bae68cb546618c236082804854ecfe1945cc6
svg/blentera-wordmark-ink.svg,2408,e8a60a1627e9f575cd0137e3ff9dce47b84eff81e28b311773ab8dd224114ef7
svg/blentera-wordmark-white.svg,2408,127e9d5e98138c00b101affac9040463375826dce1329b50dd1ae3fad1ed98b6
